"Track","Artists","Genres"
"CtrlAltDelete","BONES","dark trap;cloud rap;emo rap;horrorcore;underground hip hop;punk rap"
"Mast Magan (From ""2 States"")","Arijit Singh;Chinmayi","hindi pop;bollywood;desi;bangla pop;tollywood;tamil pop;telugu pop;kollywood;marathi pop"
"Big in Japan","Alphaville","synthpop"
"Epiphany","Ross from Friends","lo-fi house"
"Can I","Drake","rap;hip hop"
"Again","Fetty Wap",""
"The Motion","Drake","rap;hip hop"
"Down For Me (feat. 24hrs)","G-Eazy;Carnage;24hrs",""
"Bands (feat. OhGeesy, Fenix Flexin & Master Kato)","Shoreline Mafia;Rob Vicious;OHGEESY;Fenix Flexin;Master Kato",""
"Deira City Centre","Night Lovell","dark trap;emo rap;horrorcore"
"Billie Jean","Michael Jackson",""
"World, Hold On - FISHER Rework","Bob Sinclar;Steve Edwards;FISHER","french house;disco house;tech house;house;techno"
"Copacabana (At the Copa)","Barry Manilow","adult standards"
"Aww Shit","Shoreline Mafia;OHGEESY;Rob Vicious;Master Kato",""
"OOOUUU","Young M.A",""
"Upside Down","Jack Johnson","surf rock"
"PERRO NEGRO","Bad Bunny;Feid","reggaeton;trap latino;urbano latino;latin"
"Dark Thoughts","Lil Tecca","melodic rap;rap"
"Ginseng Strip 2002","Yung Lean","cloud rap"
"Basic (feat. Fivio Foreign)","SimxSantana;Fivio Foreign","brooklyn drill;drill;new york drill;uk drill"
"Pe$Os","Boobie Lootaveli;Pouya","dark trap;horrorcore;underground hip hop;emo rap;cloud rap"
"Better Off Alone","Alice Deejay","eurodance;europop"
"Boogie Wonderland","Earth, Wind & Fire;The Emotions","disco"
"MOJABI GHOST","Tainy;Bad Bunny","reggaeton;trap latino;urbano latino;latin"
"Distance","KILLY",""
"Be My Lover","La Bouche","eurodance"
"Don't Dream It's Over","Crowded House",""
"Gotta Let You Go - Club Mix","Dominica",""
"Stereo Love (Original)","Edward Maya;Vika Jigulina",""
"Rollin (feat. Future & Khalid)","Calvin Harris;Future;Khalid;Funk Wav","edm;rap"
"Cristal & МОЁТ","MORGENSHTERN",""
"Skrt","Kodak Black",""
"Bartender (feat. Akon)","T-Pain;Akon",""
"Drank & Drugs","Lil Kleine;Ronnie Flex","nederpop"
"Playboy","Jx.Zero",""
"NOKIA","Drake","rap;hip hop"
"2 Phones","Kevin Gates",""
"GoHardHuh","BONES","dark trap;cloud rap;emo rap;horrorcore;underground hip hop;punk rap"
"HDMI","BONES","dark trap;cloud rap;emo rap;horrorcore;underground hip hop;punk rap"
"Water","Ugly God",""
"Show Me Love (feat. Robin S)","Steve Angello;Laidback Luke;Robin S","progressive house;big room;electro house;eurodance"
"On the Spot","WAV",""
"That's a Rack","Lil Uzi Vert","melodic rap"
"Heartless","Kanye West","rap"
"Brother Louie","Modern Talking","italo disco;europop;eurodance"
"Circadian Rhythm","Drake","rap;hip hop"
"Caroline (feat. Polo G)","Calboy;Polo G","melodic rap"
"Mr. Saxobeat - Radio Edit","Alexandra Stan",""
"Hold On, We're Going Home","Drake;Majid Jordan","rap;hip hop"
"Yoshi City","Yung Lean","cloud rap"
"LA Flocker / Rackae","Shoreline Mafia;Rob Vicious",""
"Freestyle","Lil Baby",""
"Gata Only","FloyyMenor;Cris Mj","reggaeton chileno;chilean trap;chilean mambo;reggaeton"
"A.D.H.D","Kendrick Lamar","hip hop;west coast hip hop"
"Passionfruit","Drake","rap;hip hop"
"Ginza","J Balvin","reggaeton;latin"
"Alors On Danse - Remix - Explicit","Stromae;Kanye West;Gilbere Forte","french pop;rap"
"On God","Kanye West","rap"
"No Flockin'","Kodak Black",""
"Solo","Future","rap"
"Ric Flair Drip (with Metro Boomin)","Offset;Metro Boomin",""
"Unforgettable","French Montana;Swae Lee",""
"Location","Playboi Carti","rage rap"
"Yes","LMFAO",""
"How Many","Guapdad 4000;!llmind",""
"Bread Winners","YBN (Young Boss N*ggas);YBN Nahmir;Almighty Jay",""
"Both (feat. Drake)","Gucci Mane;Drake","southern hip hop;rap;trap;hip hop"
"Gecko (Overdrive)","Oliver Heldens;Becky Hill","future house;house"
"The Rhythm of the Night","Corona","eurodance"
"Tapout","Rich Gang;Lil Wayne;Birdman;Mack Maine;Nicki Minaj;Future","rap;hip hop;southern hip hop"
"Sniper","Castillo_1st",""
"Get It Together","Drake;Black Coffee;Jorja Smith","rap;hip hop;afro house;house"
"Maniac","Michael Sembello",""
"Hollow Be Thy Squad","Xavier Wulf","cloud rap;dark trap;underground hip hop;memphis rap;emo rap"
"White Iverson","Post Malone",""
"3005","Childish Gambino",""
"pick up the phone","Young Thug;Travis Scott","rap;melodic rap;trap"
"Basbousa Song","Ahmad H Music","khaleeji"
"Brown Munde","AP Dhillon;Gminxr;Gurinder Gill;Shinda Kahlon","punjabi hip hop;punjabi pop;desi;bhangra;desi hip hop;desi pop"
"Smoke Shisha Play Fifa","Jordindian","desi hip hop;hindi hip hop"
"Cara De Payaso","Tito Rodriguez","bolero;latin jazz;mambo;salsa;son cubano;cha cha cha"
"Stay Schemin","Rick Ross;French Montana;Drake","southern hip hop;rap;hip hop"
"$ave Dat Money (feat. Fetty Wap & Rich Homie Quan)","Lil Dicky;Fetty Wap;Rich Homie Quan","southern hip hop"
"Too Hotty","Quality Control;Migos;Eurielle","trap;celtic;medieval"
"Don't Stop 'Til You Get Enough","Michael Jackson",""
"beibs in the trap","Travis Scott","rap"
"Ransom","Lil Tecca","melodic rap;rap"
"Poetic Justice","Kendrick Lamar;Drake","hip hop;west coast hip hop;rap"
"Bankroll","Rich The Kid;YoungBoy Never Broke Again","trap"
"Kyrie","88GLAM","melodic rap"
"Whiplash'd","Xavier Wulf","cloud rap;dark trap;underground hip hop;memphis rap;emo rap"
"Morning Dew","Xavier Wulf;BONES","cloud rap;dark trap;underground hip hop;memphis rap;emo rap;horrorcore;punk rap"
"Notice Me","Migos;Post Malone","trap"
"Dubai Shit","Huncho Jack;Travis Scott;Quavo;Offset","rap"
"BERETTA (feat. Wifisfuneral)","$NOT;Wifisfuneral","dark trap;underground hip hop"
"Alors on danse - Radio Edit","Stromae","french pop"
"12","88GLAM","melodic rap"
"Know No Better","Major Lazer;Travis Scott;Camila Cabello;Quavo","moombahton;rap"
"LVL","A$AP Rocky","rap"
"We Dem Boyz","Wiz Khalifa","rap"
"Go Loko (feat. Tyga, Jon Z)","YG;Tyga;Jon Z","trap latino;trap;dembow"
"Ab To Forever","Vishal-Shekhar;KK;Shreya Ghoshal;Vishal Dadlani;Javed Akhtar","bollywood;desi;hindi pop;kannada pop;marathi pop;desi pop;sufi"
"Let Me Know (I Wonder Why Freestyle)","Juice WRLD","melodic rap;emo rap"
"Make Some Noise For The Desi Boyz","Pritam;KK;Bob","bollywood;hindi pop;desi;sufi"
"March Madness","Future","rap"
"WISH FEAT. KIDDO MARV","Denzel Curry;Kiddo Marv","punk rap"
"Hot N*gga","Bobby Shmurda",""
"Mask Off","Future","rap"
"Show Me (feat. Chris Brown)","Kid Ink;Chris Brown","r&b"
"#BrooklynBloodPop!","SyKo","hyperpop"
"500lbs","Lil Tecca","melodic rap;rap"
"Dark Queen","Lil Uzi Vert","melodic rap"
"Double Back","Freshie","rage rap"
"Freed from Desire","Gala","eurodance"
"Human Nature","Michael Jackson",""
"Tu Mera Hero","Pritam;Mika Singh;Shefali Alvares","bollywood;hindi pop;desi;sufi"
"Ратата","Konfuz",""
"Tell 'Em","Rah Swish","brooklyn drill;new york drill;drill"
"THAT'S NORF, PT. 2 (feat. FOE & Bueno Da Champ)","Rucci;FOE;Bueno Da Champ",""
"DotA - Radio Edit","Basshunter","eurodance;europop"
"Day 'N' Nite (Nightmare)","Kid Cudi",""
"lost souls (with Brent Faiyaz)","Baby Keem;Brent Faiyaz","r&b"
"Up Down (Do This All Day) (feat. B.o.B)","T-Pain;B.o.B",""
"Trust Nobody","$tupid Young",""
"Perplexing Pegasus - From SR3MM","Rae Sremmurd;Swae Lee;Slim Jxmmi",""
"La La La","LMFAO",""
"Best Night","LMFAO;will.i.am;GoonRock;Eva Simons",""
"Exposing Me (feat. Curly Savv)","Rah Swish;Curly Savv","brooklyn drill;new york drill;drill"
"Free D1","Robbioso","hyphy"
"Ni**as In Paris","JAY-Z;Kanye West","hip hop;east coast hip hop;rap"
"You and Your Friends (feat. Snoop Dogg & Ty Dolla $ign)","Wiz Khalifa;Snoop Dogg;Ty Dolla $ign","rap;g-funk;west coast hip hop;gangster rap;hip hop"
"Wandered To LA (with Justin Bieber)","Juice WRLD;Justin Bieber","melodic rap;emo rap"
"Stay with Me","Akcent","europop"
"Feline (with Polo G & Trippie Redd)","Juice WRLD;Polo G;Trippie Redd","melodic rap;emo rap"
"Please Tell Me","Future","rap"
"Way Up","YG Rob;7 FN",""
"One Day","LMFAO",""
"WAIT FOR U (feat. Drake & Tems)","Future;Drake;Tems","rap;hip hop;afrobeats;alté;afrobeat"
"BUTTERFLY EFFECT","Travis Scott","rap"
"Make It Rain (feat. Rowdy Rebel)","Pop Smoke;Rowdy Rebel","brooklyn drill;drill;new york drill"
"I Like Girls (feat. Lil Skies)","PnB Rock;Lil Skies","melodic rap"
"Quintana Pt. 2","Travis Scott","rap"
"Myself","NAV","melodic rap"
"Off the Wall","Michael Jackson",""
"I'm Sprung","T-Pain",""
"Musty","Shoreline Mafia",""
"Feel No Ways","Drake","rap;hip hop"
"Teenage Fever","Drake","rap;hip hop"
"Be Real (feat. DeJ Loaf)","Kid Ink;DeJ Loaf",""
"White Girl","Shy Glizzy",""
"Work","Shoreline Mafia;OHGEESY;Fenix Flexin",""
"Erase Your Social","Lil Uzi Vert","melodic rap"
"Un Coco","Bad Bunny","reggaeton;trap latino;urbano latino;latin"
"Massive","Drake","rap;hip hop"
"To Da Neck","1takejay","hyphy"
"Rockstar In His Prime","Juice WRLD","melodic rap;emo rap"
"Pain","PinkPantheress","bedroom pop"
"Talk to Me You'll Understand","Ross from Friends","lo-fi house"
"Boten Anna - Radio edit","Basshunter","eurodance;europop"
"Rotisserie","Yung Gravy;bbno$","meme rap"
"Intro","Pimp Tobi","hyphy"
"No Long Talk","Drake;Giggs","rap;hip hop;grime"
"Gospel","Rich Brian;Keith Ape;XXXTENTACION","k-rap;emo rap"
"LA CANCIÓN","J Balvin;Bad Bunny","reggaeton;latin;trap latino;urbano latino"
"LOT OF ME","Lil Tecca","melodic rap;rap"
"Titanium","Dave","grime;uk drill;drill"
"Efecto","Bad Bunny","reggaeton;trap latino;urbano latino;latin"
"Down Under","Men At Work",""
"Fuck Love","XXXTENTACION;Trippie Redd","emo rap;melodic rap"
"Kid Cudi - Remix","Xavier Wulf","cloud rap;dark trap;underground hip hop;memphis rap;emo rap"
"Fashion Killa","A$AP Rocky","rap"
"Sundress","A$AP Rocky","rap"
"Champions","Kanye West;Gucci Mane;Big Sean;2 Chainz;Travis Scott;Yo Gotti;Quavo;Desiigner","rap;southern hip hop;trap;memphis rap"
"Champagne Showers","LMFAO;Natalia Kills",""
"Lifestyle","Rich Gang;Young Thug;Rich Homie Quan","rap;melodic rap;trap;southern hip hop"
"Neverita","Bad Bunny","reggaeton;trap latino;urbano latino;latin"
"Say Yeah","Wiz Khalifa","rap"
"Bitchuary","Shordie Shordie",""
"Aries (YuGo) (feat. Pharrell & Station Wagon P)","Mike WiLL Made-It;Pharrell Williams;Station Wagon P",""
"Kelly Price (feat. Travis Scott)","Migos;Travis Scott","trap;rap"
"Bank Account","21 Savage",""
"Rhythm Is a Dancer - 7"" Edit","SNAP!","eurodance"
"2z Don Corleon","Lil 2z",""
"Signs","Drake","rap;hip hop"
"Pressure (feat. OhGeesy & Fenix Flexin)","Shoreline Mafia;Fenix Flexin;OHGEESY",""
"I Wonder","Kanye West","rap"
"Russian Cream","Key Glock","memphis rap"
"From The D To The A (feat. Lil Yachty)","Tee Grizzley;Lil Yachty",""
"Trap Queen","Fetty Wap",""
"Lady - Hear Me Tonight","Modjo","french house;disco house"
"Cocoon","Migos","trap"
"infinity (888) - feat. Joey Bada$$","XXXTENTACION;Joey Bada$$","emo rap;hip hop;rap"
"Let Go","Aaron May",""
"Been Like This","Meghan Trainor;T-Pain",""
"Bugatti","Ace Hood;Future;Rick Ross","rap;southern hip hop"
"Team","Xavier Weeks","melodic rap"
"UKA UKA","Trippie Redd","melodic rap"
"Indica Badu","Logic;Wiz Khalifa","rap"
"Moovin' and Groovin'","Duane Eddy","surf rock;doo-wop;rockabilly"
"Симпа","RaiM;Артур;Adil",""
"Dubai Vibez","2Scratch",""
"Wanted You (feat. Lil Uzi Vert)","NAV;Lil Uzi Vert","melodic rap"
"LOKERA","Rauw Alejandro;Lyanno;Brray","reggaeton;urbano latino;trap latino;latin"
"He's a Pirate","Klaus Badelt","soundtrack"
"деньги и счастье","Rauf & Faik",""
"KMT","Drake;Giggs","rap;hip hop;grime"
"Talk To Me","Drakeo the Ruler;Drake","west coast hip hop;rap;hip hop"
"Déjà vu - Play & Win Radio Edit","INNA;Bob Taylor","europop;rockabilly;exotica"
"Love Me","Lil Tecca","melodic rap;rap"
"UNLIMITED (FT PLAYBOI CARTI)","NAV;Playboi Carti","melodic rap;rage rap"
"Remember the Time","Michael Jackson",""
"Miss You - Sped Up Version","Oliver Tree;sped up nightcore","nightcore"
"Why This Kolaveri Di? - The Soup of Love","Anirudh Ravichander;Dhanush","tamil pop;kollywood;tamil dance;tollywood;tamil hip hop;telugu pop"
"2 Vaults (feat. Lil Yachty)","Tee Grizzley;Lil Yachty",""
"Crew REMIX (feat. Gucci Mane, Brent Faiyaz & Shy Glizzy)","GoldLink;Gucci Mane;Brent Faiyaz;Shy Glizzy","southern hip hop;rap;trap;r&b"
"Habibi Albi","Faydee;Leftside","dancehall;moombahton;shatta;ragga"
"Purple Baguettes","88GLAM","melodic rap"
"BabyWipe","Ski Mask The Slump God",""
"Haringey Borough","OTP;BM;SAVA;Mini","uk drill;drill"
"La Vida Es Un Carnaval","Celia Cruz","salsa;son cubano;bolero;cha cha cha;merengue;mambo;latin;latin dance"
"Every Breath You Take","The Police",""
"COULD BE WRONG","LOSTBOYJAY","rally house;house"
"Gang Shit No Lame Shit","Key Glock","memphis rap"
"Lord Pretty Flacko Jodye 2 (LPFJ2)","A$AP Rocky","rap"
"Long Time - Intro","Playboi Carti","rage rap"
"Tek It","Cafuné",""
"Maneater","Daryl Hall & John Oates","soft rock"
"Rock with You - Single Version","Michael Jackson",""
"Musty Freestyle","Drakeo the Ruler;OHGEESY","west coast hip hop"
"Coco Chanel","Eladio Carrion;Bad Bunny","trap latino;urbano latino;trap;reggaeton;latin"
"For The Night (feat. Lil Baby & DaBaby)","Pop Smoke;Lil Baby;DaBaby","brooklyn drill;drill;new york drill"
"16","Baby Keem",""
"Ransom (with Juice WRLD) - Remix","Lil Tecca;Juice WRLD","melodic rap;rap;emo rap"
"The Way I Are","Timbaland;Keri Hilson;D.O.E.",""
"Alpha","Guapdad 4000",""
"Poles 1469","Trippie Redd;6ix9ine","melodic rap"
"Void","Pouya","dark trap;horrorcore;underground hip hop;emo rap;cloud rap"
"HIGHEST IN THE ROOM","Travis Scott","rap"
"They Don’t Know","OHGEESY",""
"Sodium","BONES","dark trap;cloud rap;emo rap;horrorcore;underground hip hop;punk rap"
"GOTTI","6ix9ine",""
"Interlude","NAV","melodic rap"
"La Corriente","Bad Bunny;Tony Dize","reggaeton;trap latino;urbano latino;latin"
"love nwantiti (feat. ElGrande Toto) - North African Remix","CKay;ElGrandeToto","afrobeats;afrobeat;afropop;moroccan rap;arabic rap;moroccan pop"
"Transportin'","Kodak Black",""
"Day in the Life","Central Cee","uk drill;drill;grime"
"6 For 6","Central Cee","uk drill;drill;grime"
"All Of The Lights","Kanye West","rap"
"No Promises","A Boogie Wit da Hoodie","melodic rap"
"Thunder Man","Xavier Wulf","cloud rap;dark trap;underground hip hop;memphis rap;emo rap"
"Impreza","Sobel",""
"Creme","Jack Harlow",""
"Smash","Nebezao",""
"She A Freak (feat. Ohgeesy & 03 Greedo)","ManMan Savage;OHGEESY;03 Greedo",""
"Walking On A Dream","Empire Of The Sun",""
"BANG!","Trippie Redd","melodic rap"
"Call On Me - Radio Edit","Eric Prydz",""
"AMBUSH","OFB;Bandokay","uk drill;drill;grime"
"Bird Shit","Trippie Redd","melodic rap"
"Big Fish","Vince Staples",""
"X (feat. Future)","21 Savage;Metro Boomin;Future","rap"
"Knock It Off","GoodFinesse;Fenix Flexin;Desto Dubb",""
"She Will","Lil Wayne;Drake","rap;hip hop"
"Today (feat. Gunna)","Cordae;Gunna","melodic rap"
"Don't You Worry Child - Radio Edit","Swedish House Mafia;John Martin","edm"
"Smack That","Akon;Eminem","rap;hip hop"
"Minute","NAV;Metro Boomin;Playboi Carti;Offset","melodic rap;rage rap"
"one of wun","Gunna","melodic rap"
"ORANGE SODA","Baby Keem",""
"Lovers Rock","TV Girl",""
"Like Me (feat. iann dior)","$NOT;iann dior","melodic rap"
"Drip Too Hard (Lil Baby & Gunna)","Lil Baby;Gunna","melodic rap"
"PUFFIN ON ZOOTIEZ","Future","rap"
"Love Divide","Ross from Friends","lo-fi house"
"Oh My Dis Side (feat. Quavo)","Travis Scott;Quavo","rap"
"Won't Be Late (feat. Drake)","Swae Lee;Drake","rap;hip hop"
"RampartRange","BONES","dark trap;cloud rap;emo rap;horrorcore;underground hip hop;punk rap"
"Rack City","Tyga",""
"Akina Speed Star","Xavier Wulf","cloud rap;dark trap;underground hip hop;memphis rap;emo rap"
"What Is Love - 7"" Mix","Haddaway","eurodance"
"CRUSH (with Travis Scott)","Playboi Carti;Travis Scott","rage rap;rap"
"Psycho Pass","Xavier Wulf","cloud rap;dark trap;underground hip hop;memphis rap;emo rap"
"Wish","Diplo;Trippie Redd","moombahton;melodic rap"
"Hookah","Tyga;Young Thug","rap;melodic rap;trap"
"A$AP Ferg","NAV;Metro Boomin;Lil Uzi Vert","melodic rap"
"DEVASTATED","Joey Bada$$","hip hop;rap"
"Intro","OHGEESY",""
"Now You're Gone (feat. DJ Mental Theo's Bazzheadz) - Video Edit","Basshunter;DJ Mental Theos Bazzheadz","eurodance;europop"
"Stereo Love (Radio Edit)","Edward Maya;Vika Jigulina",""
"Motorcycle Patches","Huncho Jack;Travis Scott;Quavo","rap"
"Wu-Tang Forever","Drake","rap;hip hop"
"Red Red Wine","UB40","reggae"
"Cake","Aflacko",""
"World Hold On (Children of the Sky) - Radio Edit","Bob Sinclar;Steve Edwards","french house;disco house"
"You Are In My System - Club Mix","Kerri Chandler;Dennis Quin;Troy Denari","house;chicago house;deep house;jazz house;rally house"
"Currents","Drake","rap;hip hop"
"Les","Childish Gambino",""
"HEAT STICK","Shoreline Mafia;OHGEESY;Fenix Flexin",""
"Hurt Feelings","Flight of the Conchords","comedy"
"Attention (feat. Offset)","Rich Brian;Offset",""
"ELEMENT.","Kendrick Lamar","hip hop;west coast hip hop"
"Bad Bad Bad (feat. Lil Baby)","Young Thug;Lil Baby","rap;melodic rap;trap"
"Doom","Juice WRLD","melodic rap;emo rap"
"Red Nose","Sage The Gemini","hyphy"
"Desensitized","Bobby Raps","emo rap;bass house"
"Медуза","MATRANG",""
"Shoota (feat. Lil Uzi Vert)","Playboi Carti;Lil Uzi Vert","rage rap;melodic rap"
"Throw Away","Future","rap"
"Baguettes in the Face (feat. NAV, Playboi Carti & A Boogie Wit da Hoodie)","Mustard;NAV;Playboi Carti;A Boogie Wit da Hoodie","melodic rap;rage rap"
"Money","The Drums","indie"
"Go Legend (& Metro Boomin)","Big Sean;Metro Boomin;Travis Scott","rap"
"Big Bad Wolf (feat. YG)","OHGEESY;YG",""
"Mr. Telephone Man","New Edition","new jack swing;quiet storm"
"My Love","Route 94;Jess Glynne","house"
"Everybody Wants To Rule The World","Tears For Fears","new wave;synthpop"
"Good Life","Kanye West;T-Pain","rap"
"Did It Again","Lil Tecca","melodic rap;rap"
"Juveniles (feat. YBN Nahmir)","Wifisfuneral;YBN Nahmir","dark trap;underground hip hop"
"Ice Age","Denzel Curry","punk rap"
"Mobile Suit Woe","Xavier Wulf","cloud rap;dark trap;underground hip hop;memphis rap;emo rap"
"NUEVAYoL","Bad Bunny","reggaeton;trap latino;urbano latino;latin"
"Heads Will Roll - A-Trak Remix","Yeah Yeah Yeahs;A-Trak","indie rock;disco house"
"LA Leakers Freestyle","Central Cee","uk drill;drill;grime"
"Donald Trump","Mac Miller",""
"Айкос","Mitchel",""
"Workin' Day and Night","Michael Jackson",""
"I LUV HER (feat. T-Pain)","GloRilla;T-Pain",""
"Get on the Floor","Michael Jackson",""
"Eminem Speaks","Juice WRLD","melodic rap;emo rap"
"No Romance","16yrold;KILLY",""
"Plug Walk","Rich The Kid","trap"
"LET'S GO","Jaden Bojsen;Sami Brielle",""
"All I Ever Wanted - Radio Edit","Basshunter","eurodance;europop"
"Our Time","Lil Tecca","melodic rap;rap"
"The Thrill","Wiz Khalifa;Empire Of The Sun","rap"
"Low Down","Lil Baby",""
"Blasian","Tskinz","uk drill"
"on one tonight","Gunna","melodic rap"
"Slide (feat. Frank Ocean & Migos)","Calvin Harris;Frank Ocean;Migos;Funk Wav","edm;trap"
"Money Longer","Lil Uzi Vert","melodic rap"
"Sauce It Up","Lil Uzi Vert","melodic rap"
"The Percocet & Stripper Joint","Future","rap"
"METAMORPHOSIS","INTERWORLD","phonk;drift phonk;brazilian phonk"
"Forever","Drake;Kanye West;Lil Wayne;Eminem","rap;hip hop"
"FEFE (feat. Nicki Minaj & Murda Beatz)","6ix9ine;Nicki Minaj;Murda Beatz",""
"Father Stretch My Hands Pt. 1","Kanye West","rap"
"Yah Mean","Playboi Carti","rage rap"
"Flashing Lights","Kanye West;Dwele","rap;neo soul;smooth r&b"
"Up","NAV","melodic rap"
"I'm On One","DJ Khaled;Drake;Rick Ross;Lil Wayne","rap;hip hop;southern hip hop"
"I Follow Rivers - The Magician Remix","Lykke Li;The Magician",""
"Broccoli (feat. Lil Yachty)","DRAM;Lil Yachty",""
"Nun Major","Shoreline Mafia",""
"That's My Name","Akcent","europop"
"Magnolia","Playboi Carti","rage rap"
"Feel So Close - Radio Edit","Calvin Harris","edm"
"Lucid Dreams","Juice WRLD","melodic rap;emo rap"
"Summer Sixteen","Drake","rap;hip hop"
"Life Goes On","Lil Baby;Gunna;Lil Uzi Vert","melodic rap"
"In My Room","Frank Ocean",""
"wokeuplikethis*","Playboi Carti;Lil Uzi Vert","rage rap;melodic rap"
"Un Ratito","Bad Bunny","reggaeton;trap latino;urbano latino;latin"
"Celebrate (with Offset)","Juice WRLD;Offset","melodic rap;emo rap"
"Who Do You Love?","YG;Drake","rap;hip hop"
"TATI (feat. DJ Spinking)","6ix9ine;DJ SpinKing",""
"Get Fly (feat. DaBaby)","OHGEESY;DaBaby",""
"Forever (feat. Fridayy)","Lil Baby;Fridayy",""
"ULTRA VIOLET","Thouxanbanfauni","cloud rap;melodic rap"
"Lost","Frank Ocean",""
"I Smoked Away My Brain (I'm God x Demons Mashup) (feat. Imogen Heap & Clams Casino)","A$AP Rocky;Imogen Heap;Clams Casino","rap;cloud rap"
"Ready (feat. Gunna)","Lil Baby;Gunna","melodic rap"
"ASTROTHUNDER","Travis Scott","rap"
"EARFQUAKE","Tyler, The Creator",""
"Swang","Rae Sremmurd",""
"iSpy (feat. Lil Yachty)","KYLE;Lil Yachty",""
"XO Tour Llif3","Lil Uzi Vert","melodic rap"
"Nikes on My Feet","Mac Miller",""
"BIG","Young M.A",""
"Kyoto","Yung Lean","cloud rap"
"Gangnam Style (강남스타일)","PSY","k-pop"
"Bacardi","Gucci Dassy","aussie drill"
"Love In The Dark","Adele","soft pop"
"Daygo","KGodd",""
"Tek It - Slowed","Cafuné",""
"Mrs Magic","Strawberry Guy","bedroom pop"
"No Pole","Don Toliver",""
"Flight of the Bumblebee","Nikolai Rimsky-Korsakov;Isaac Stern;Milton Katims;Columbia Symphony Orchestra","classical;orchestra;chamber music"
"RAPSTAR","Polo G",""
"P.Y.T. (Pretty Young Thing)","Michael Jackson",""
"Win","Tee Grizzley",""
"Burn","Juice WRLD","melodic rap;emo rap"
"1, 2, 3","Lil Kleine;Ronnie Flex","nederpop"
"Afterskool Special","Afterskool Special feat. Jimmy Urine;Fake Shark Real Zombie;Jimmy Urine",""
"Autograph","voided<3;paulys x",""
"Relationship (feat. Future)","Young Thug;Future","rap;melodic rap;trap"
"CAN'T SAY","Travis Scott","rap"
"Sky","Playboi Carti","rage rap"
"Mas Que Nada","Sergio Mendes & Brasil '66","bossa nova;brazilian jazz;latin jazz"
"Money Trees","Kendrick Lamar;Jay Rock","hip hop;west coast hip hop"
"Portland","Drake;Quavo;Travis Scott","rap;hip hop"
"Холодок","Мэвл",""
"Light Year (Practice)","Lil Uzi Vert","melodic rap"
"Man in the Mirror - 2012 Remaster","Michael Jackson",""
"King Of My City","A Boogie Wit da Hoodie","melodic rap"
"Kanye Krazy","Lil Durk","drill"
"Mi Gata - Speed Up","MysticDreamer",""
"WHO YOU TOUCH","Sha EK;Bandmanrill","new york drill;drill;brooklyn drill;jersey club;philly club;sexy drill"
"WE NEED ALL DA VIBES (with Young Thug & Ty Dolla $ign)","Playboi Carti;Young Thug;Ty Dolla $ign","rage rap;rap;melodic rap;trap"
"Wet Dreamz","J. Cole","rap"
"Sounds Like a Melody - 2019 Remaster","Alphaville","synthpop"
"Skiing in Japan Freestyle","Yung Gravy","meme rap"
"Missing - Todd Terry Club Mix / US Radio Edit","Everything But The Girl;Todd Terry","chicago house;hip house;house"
"Baby (Lil Baby feat. DaBaby)","Quality Control;Lil Baby;DaBaby",""
"Juice WRLD Speaks","Juice WRLD","melodic rap;emo rap"
"Break from Toronto","PARTYNEXTDOOR","r&b"
"Fullys For Bullies","Drakeo the Ruler;Lil Mosey;Ralfy the Plug","west coast hip hop;melodic rap"
"Swimming Pools (Drank) - Extended Version","Kendrick Lamar","hip hop;west coast hip hop"
"Same Bitches (feat. G-Eazy & YG)","Post Malone;G-Eazy;YG",""
"Headlines","Drake","rap;hip hop"
"Hot - Play & Win Radio Version","INNA","europop"
"Ultimate","Denzel Curry","punk rap"
"Only The Team (with Lil Mosey & Lil Tjay)","Rvssian;Lil Mosey;Lil Tjay","trap latino;melodic rap;brooklyn drill"
"Subha Hone Na De","Pritam;Mika Singh;Shefali Alvares","bollywood;hindi pop;desi;sufi"
"In The Dark","YG",""
"Walk It Talk It","Migos;Drake","trap;rap;hip hop"
"What I Want (feat. Fenix Flexin)","$tupid Young;Fenix Flexin",""
"Madiba Riddim","Drake","rap;hip hop"
"Ten Cuidado","Pitbull;Farruko;IAmChino;El Alfa;Omar Courtz","reggaeton;trap latino;dembow;urbano latino;latin"
"Sound Of Violence","Dennis De Laat",""
"Chose Me","Blueface;Blxst",""
"We Are The Waccos","Basshunter","eurodance;europop"
"Miss You - Argy Remix","Argy;Robin Schulz;Oliver Tree","melodic techno;melodic house;techno;tropical house"
"Rapper's Delight","The Sugarhill Gang",""
"I Can Walk On Water","Basshunter","eurodance;europop"
"BROTHER STONE (FEAT. KODAK BLACK)","Don Toliver;Kodak Black",""
"10 Freaky Girls (with 21 Savage)","Metro Boomin;21 Savage",""
"Or What","NLE Choppa;41;Kyle Richh","new york drill;drill;sexy drill;jersey club;brooklyn drill"
"DIE TRYING","PARTYNEXTDOOR;Drake;Yebba","r&b;rap;hip hop"
"BANDIT","Don Toliver",""
"Startender (feat. Offset and Tyga)","A Boogie Wit da Hoodie;Tyga;Offset","melodic rap"
"Eyes Without A Face","Billy Idol",""
"Waves - Robin Schulz Radio Edit","Mr. Probz;Robin Schulz","tropical house"
"Music Sounds Better With You - Radio Edit","Stardust;Benjamin Diamond;Alan Braxe;Thomas Bangalter","french house"
"Runnin' Thru the 7th with My Woadies","$uicideboy$;Pouya","dark trap;emo rap;horrorcore;punk rap;cloud rap;underground hip hop"
"One Dance","Drake;Wizkid;Kyla","rap;hip hop;afrobeats;afrobeat;afropop;azonto;afroswing;afropiano"
"Studio","ScHoolboy Q;BJ The Chicago Kid","neo soul"
"Faygo Dreams","6 Dogs","cloud rap;emo rap;melodic rap"
"Cheri Cheri Lady","Modern Talking","italo disco;europop;eurodance"
"Taste (feat. Offset)","Tyga;Offset",""
"Controlla","Drake","rap;hip hop"
"That’s How You Feel","Drake","rap;hip hop"
"Sooner Than Later","Drake","rap;hip hop"
"Ashes","BONES","dark trap;cloud rap;emo rap;horrorcore;underground hip hop;punk rap"
"Zaalima","Arijit Singh;Harshdeep Kaur","hindi pop;bollywood;desi;bangla pop"
"Loyal (feat. Lil Wayne & Tyga)","Chris Brown;Lil Wayne;Tyga","r&b;rap;hip hop"
"Know Yourself","Drake","rap;hip hop"
"Safe and Sound","Capital Cities",""
"Saint","Huncho Jack;Travis Scott;Quavo","rap"
"Mob Ties","Drake","rap;hip hop"
"Noticed","Lil Mosey","melodic rap"
"A Keeper","Drake","rap;hip hop"
"9","Drake","rap;hip hop"
"LOYAL (feat. Drake)","PARTYNEXTDOOR;Drake","r&b;rap;hip hop"
"Kamikaze","Lil Mosey","melodic rap"
"Redbone","Childish Gambino",""
"Roll in Peace (feat. XXXTENTACION)","Kodak Black;XXXTENTACION","emo rap"
"Pound Cake / Paris Morton Music 2","Drake;JAY-Z","rap;hip hop;east coast hip hop"
"Who Can It Be Now?","Men At Work",""
"Weekend (feat. Miguel)","Mac Miller;Miguel","r&b"
"Fuck It Up (feat. Mike Sherm)","Shoreline Mafia;Mike Sherm;Fenix Flexin","hyphy"
"welcome and goodbye","Dream, Ivory",""
"Down With Me","Lil Tecca","melodic rap;rap"
"Sure Thing","Miguel","r&b"
"Oprah's Bank Account (Lil Yachty & DaBaby feat. Drake)","Lil Yachty;DaBaby;Drake","rap;hip hop"
"Cardigan","Don Toliver",""
"Porsches In The Rain","YBN Nahmir;Almighty Jay",""
"Wish (feat. Trippie Redd) - Trippie Mix","Diplo;Trippie Redd","moombahton;melodic rap"
"Lonely","Speaker Knockerz",""
"Post to Be (feat. Chris Brown & Jhene Aiko)","Omarion;Chris Brown;Jhené Aiko","r&b"
"BAD TIME","Lil Tecca","melodic rap;rap"
"Superman (feat. Fenix Flexin)","RONRONTHEPRODUCER;Fenix Flexin","west coast hip hop"
"Both Sides (feat. Shoreline Mafia)","Shordie Shordie;Shoreline Mafia",""
"Do Not Disturb","Drake","rap;hip hop"
"From Time","Drake;Jhené Aiko","rap;hip hop;r&b"
"4422","Drake;Sampha","rap;hip hop"
"Girls Want Girls (with Lil Baby)","Drake;Lil Baby","rap;hip hop"
"Secret Service","OHGEESY",""
"All The Stars (with SZA)","Kendrick Lamar;SZA","hip hop;west coast hip hop;r&b"
"Lil Boat","88GLAM","melodic rap"
"Waves","Kanye West","rap"
"DOLLAZ ON MY HEAD (feat. Young Thug)","Gunna;Young Thug","melodic rap;rap;trap"
"Lean Wit Me","Juice WRLD","melodic rap;emo rap"
"NUMBER 2","Lil Tecca","melodic rap;rap"
"PELIGROSA","FloyyMenor","reggaeton chileno"
"How Deep Is Your Love","Calvin Harris;Disciples","edm;house"
"Broke In A Minute","Tory Lanez",""
"Pull Up","Lil Mosey","melodic rap"
"Touchdown","Peso Peso;Fenix Flexin","mexican hip hop"
"Time Flies","Drake","rap;hip hop"
"Aston Martin Music","Rick Ross;Drake;Chrisette Michele","southern hip hop;rap;hip hop;neo soul;jersey club;r&b"